name,started,status_2026,owner_2026,source
3dfx,"1994, San Jose, California, by three Silicon Graphics engineers","Defunct. Operations ended December 2000, bankruptcy filing in 2002","Nvidia, which bought the patents, trademarks and brand names in December 2000",https://404memoryfound.com/posts/what-happened-to-3dfx-voodoo-graphics-card.html
3DO,"October 4, 1993, as the Panasonic FZ-1",Discontinued since 1996; a 2026 relaunch collapsed in a week,"Throwback Entertainment, Toronto (trademark, designs, 3do.com)",https://404memoryfound.com/posts/what-happened-to-3do-700-dollar-console.html
Adobe Flash,"August 19, 1996 as FutureSplash Animator, renamed Flash 1.0 in 1997","Discontinued. Flash Player ended on December 31, 2020 and was blocked from January 12, 2021","Adobe, which bought Macromedia for about $3.4 billion in 2005",https://404memoryfound.com/posts/definitive-history-macromedia-flash.html
AltaVista,"December 15, 1995, by Digital Equipment Corporation","Closed on July 8, 2013; altavista.com redirects to Yahoo Search","Yahoo Inc., majority-owned by Apollo Global Management funds since 2021",https://404memoryfound.com/posts/what-happened-to-altavista-search-engine.html
Amazon,,Still public as AMZN; market value passed $3 trillion in August 2026,,https://404memoryfound.com/posts/how-amazon-survived-dot-com-crash.html
Anbernic,,"Still selling in 2026, but direct China-to-US shipping was suspended on April 21, 2025 and US orders depend on warehouse stock",,https://404memoryfound.com/posts/anbernic-handheld-worth-it-game-boy.html
Angelfire,"1996, as a paid website builder and medical transcription service","Shut down April 24, 2026; hosted pages purged","Lycos, Inc., a subsidiary of Brightcom Group",https://404memoryfound.com/posts/is-angelfire-still-online.html
AOL,,"Active: AOL Mail, news portal and paid plans","Bending Spoons (Milan), since January 2, 2026",https://404memoryfound.com/posts/does-aol-still-exist-today.html
AOL Instant Messenger,"May 1997, by America Online","Shut down. No official service since December 15, 2017","AOL brand held by Bending Spoons, since January 2, 2026",https://404memoryfound.com/posts/what-happened-to-aim-aol-instant-messenger.html
AOL Time Warner,,Dissolved. AOL was spun off in 2009 and the name is gone,AOL: Bending Spoons. Time Warner assets: Warner Bros. Discovery,https://404memoryfound.com/posts/aol-time-warner-merger-worst-deal-in-history.html
Apple,,"Apple Inc. is public on Nasdaq as AAPL; market value crossed $4 trillion on October 28, 2025",Shareholders. Microsoft sold its entire Apple stake by 2003,https://404memoryfound.com/posts/when-apple-almost-went-bankrupt-1997.html
Apple Newton,"August 2, 1993, Apple Computer, $699","Discontinued February 27, 1998, no successor until the iPhone",,https://404memoryfound.com/posts/what-happened-to-apple-newton.html
Arcades,,"Still operating: 7,113 US arcade, food and entertainment businesses in 2026",,https://404memoryfound.com/posts/what-happened-to-arcades-golden-age-gaming.html
Ask Jeeves,"April 1997, natural-language question search","Closed. Ask.com shut down on May 1, 2026",,https://404memoryfound.com/posts/what-happened-to-ask-jeeves-search-engine.html
Atari,,Active and operationally profitable; about $65 million revenue for the year to March 2026,"Atari SA, listed on Euronext Growth Paris as ALATA",https://404memoryfound.com/posts/who-owns-atari-now.html
Atari Jaguar,"November 23, 1993, Atari Corporation, $249.99",Discontinued in 1996; Atari Corporation no longer exists,"Atari SA, Euronext Paris, run by CEO Wade Rosen since 2021",https://404memoryfound.com/posts/what-happened-to-atari-jaguar-64-bit-console.html
Barnes and Noble,,"Open and expanding, with about 28 stores opened since January 2026","Elliott Investment Management, since 2019",https://404memoryfound.com/posts/is-barnes-and-noble-still-open.html
Beanie Babies Bubble,"1993, Ty Inc. (founded by H. Ty Warner in 1986)",Ty still sells Beanie Babies; most 90s bears trade for $1 to $5,,https://404memoryfound.com/posts/beanie-babies-bubble-what-happened.html
Betamax vs VHS,"May 10, 1975 in Japan, February 1976 in the United States","Beaten by VHS, recorders ended in 2002, blank cassettes in March 2016",Sony,https://404memoryfound.com/posts/betamax-vs-vhs-format-war.html
BlackBerry,"1984 in Waterloo, Ontario, as Research In Motion",Active software company; no BlackBerry phones since 2016,"Publicly traded, no parent company (NYSE: BB, TSX: BB)",https://404memoryfound.com/posts/what-happened-to-blackberry-smartphone.html
Bliss wallpaper,,Vineyard land; briefly bare and green again on 18 February 2026,,https://404memoryfound.com/posts/windows-xp-wallpaper-bliss-story.html
Blockbuster,,"Open, one store, in Bend, Oregon","Dish Network, a wholly owned subsidiary of EchoStar",https://404memoryfound.com/posts/is-blockbuster-still-open-last-store.html
BonziBuddy,"1999, Bonzi Software Inc. (California)",Discontinued in 2004; no supported download,"Joe Bonzi and Jay Bonzi, who now run 2KDirect",https://404memoryfound.com/posts/what-happened-to-bonzibuddy-spyware.html
Boo.com,"3 November 1999, London, in 18 countries at once",Dead since 18 May 2000; no store at boo.com,"Hostelworld Group plc, formerly Web Reservations International",https://404memoryfound.com/posts/what-happened-to-boo-com-fashion-dot-com.html
Borders,"1971, Ann Arbor, Michigan, as a used bookstore run by Tom and Louis Borders",No Borders stores in the US. Borders-branded shops still operate in the Gulf under Al Maya Group,"Barnes & Noble, which paid $13.9 million for the name, the domains and 48 million customer records in 2011",https://404memoryfound.com/posts/who-owns-borders-now-bookstore.html
Broadcast.com,1995 in Dallas as AudioNet; renamed Broadcast.com in 1998,Service closed in 2002; no site at the address,"Yahoo, owned by Apollo Global Management funds since 2021",https://404memoryfound.com/posts/broadcast-com-yahoo-billion-dollar-deal.html
Chuck E. Cheese,"1977, founded by Atari co-founder Nolan Bushnell",Animatronics in 5 US locations; removed chain-wide by the end of 2024,"CEC Entertainment, about 90 percent held by six private equity groups",https://404memoryfound.com/posts/chuck-e-cheese-animatronics-still-there.html
Circuit City,"1949 in Richmond, Virginia, as Wards, by Samuel Wurtzel","Online-only brand. No stores since March 8, 2009","Circuit City Corporation, led by Ronny Shmoel (bought the brand from Systemax in 2016)",https://404memoryfound.com/posts/what-happened-to-circuit-city-electronics.html
Claire's,"1961 as Fashion Tress Industries, a wig company, renamed after buying Claire's in 1973","Open and still piercing ears, with more than 131 million piercings claimed since 1978","Ames Watson, since September 2025",https://404memoryfound.com/posts/who-owns-claires-now.html
Clippy,"November 19, 1996, in Microsoft Office 97",Not a feature. A Microsoft 365 emoji and a hidden Copilot avatar,,https://404memoryfound.com/posts/what-happened-to-clippy-microsoft.html
Club Penguin,"October 24, 2005, New Horizon Interactive, Kelowna, BC","Closed since March 29, 2017; no official version since 2018","The Walt Disney Company, which bought it on August 1, 2007",https://404memoryfound.com/posts/what-happened-to-club-penguin.html
Columbia House,"1955, as the Columbia Record Club, by Columbia Records","Stops accepting new orders after September 15, 2026","John Lippman, who bought the brand out of bankruptcy in 2015 for about $1.5 million",https://404memoryfound.com/posts/is-columbia-house-still-around.html
Commodore,1954 by Jack Tramiel; the Commodore 64 launched August 1982 at $595,Trading again as Commodore Corporation B.V. since July 2025,Investor group led by Christian Simpson (Peri Fractic),https://404memoryfound.com/posts/what-happened-to-commodore-computers.html
Compaq,"February 1982, Houston, by three ex-Texas Instruments managers","Brand retired by HP in 2013, now licensed to other makers",,https://404memoryfound.com/posts/compaq-lost-pc-business-hp-merger.html
CompuServe,"1969, Columbus, Ohio, as a Golden United Life Insurance subsidiary",No online service; compuserve.com runs as a news portal,"Yahoo, owned by Apollo Global Management funds since September 2021",https://404memoryfound.com/posts/what-happened-to-compuserve-online-service.html
Counter-Strike,,"Live as Counter-Strike 2, released September 27, 2023","Valve Corporation, since 2000",https://404memoryfound.com/posts/what-happened-to-counter-strike-half-life-mod.html
Craigslist,1995 as Craig Newmark's San Francisco email list; incorporated 1999,"Still operating, in more than 570 cities in over 70 countries",Private; founder Craig Newmark and CEO Jim Buckmaster,https://404memoryfound.com/posts/what-happened-to-craigslist-ugliest-website-worth-billions.html
Dial-Up Internet,,"Still sold in the US in 2026 by NetZero, Juno and MSN Dial-Up","NetZero and Juno are United Online brands, owned by B. Riley Financial since July 1, 2016",https://404memoryfound.com/posts/dial-up-internet-still-available-2026.html
Dial-Up Sound,,"AOL ended dial-up September 30, 2025; about 100,277 US households still use it",,https://404memoryfound.com/posts/dial-up-modem-sound-explained.html
Dial-Up Speed,,"Still sold by NetZero and Juno; AOL ended dial-up on September 30, 2025",,https://404memoryfound.com/posts/dialup-speed-then-vs-now.html
Did Skype,"2003, by Niklas Zennström and Janus Friis","Retired on May 5, 2025; the apps and skype.com sign-in now point to Microsoft Teams Free","Microsoft, which paid $8.5 billion in cash in May 2011",https://404memoryfound.com/posts/skype-shut-down-what-replaced-it.html
Digg,"December 5, 2004, by Kevin Rose and three co-founders","Live at digg.com as an AI news aggregator, in alpha since May 2026","Kevin Rose and Alexis Ohanian, who bought Digg in March 2025",https://404memoryfound.com/posts/what-happened-to-digg-social-news.html
Digitize VHS Tapes,,"Still doable at home; Legacybox, Southtree and Kodak Digitizing are one Chattanooga company",,https://404memoryfound.com/posts/how-to-digitize-vhs-tapes-2026.html
Discovery Zone,1989; first FunCenter opened January 1990,Original chain liquidated; last locations closed by the end of 2001,"An unaffiliated operator runs one Discovery Zone at Florence Mall, Kentucky",https://404memoryfound.com/posts/discovery-zone-failed-indoor-playground.html
Disney Store,"March 28, 1987, at the Glendale Galleria in Glendale, California","Open, with selling shifted to shopDisney and Target shop-in-shops, plus two Disney Store Limited Time pop-ups in 2026","The Walt Disney Company, which took 231 North American stores back on May 1, 2008",https://404memoryfound.com/posts/is-disney-store-still-open.html
DIVX,"June 1998, Digital Video Express (Circuit City owned about 75 percent)","Dead. Discontinued June 16, 1999; no disc has played since June 30, 2001",,https://404memoryfound.com/posts/divx-circuit-city-dvd-format.html
Doom,"December 10, 1993, by id Software, as shareware","Active series; Doom: The Dark Ages shipped May 15, 2025","Microsoft, through ZeniMax Media and id Software",https://404memoryfound.com/posts/how-doom-changed-pc-gaming-internet.html
eBay,"September 1995, as AuctionWeb, by Pierre Omidyar","Still operating, public on Nasdaq as EBAY",Public shareholders; no single owner,https://404memoryfound.com/posts/ebay-broken-laser-pointer-to-global-marketplace.html
Eee PC,"October 2007, Asus Eee PC, $300 to $400 in the US",Dead category; no major brand sells a netbook in 2026,,https://404memoryfound.com/posts/what-happened-to-netbooks-laptops.html
Encarta,"March 22, 1993, Microsoft","Discontinued. Disc sales ended June 2009, MSN Encarta closed October 31, 2009",,https://404memoryfound.com/posts/what-happened-to-microsoft-encarta.html
eToys,"1997, founded by Toby Lenk in Santa Monica, California","Bankrupt since March 7, 2001; no eToys store operating in 2026","Toys R Us, which bought the eToys.com name in February 2009",https://404memoryfound.com/posts/etoys-com-who-owns-it-now.html
Eudora,,"Discontinued; last release October 11, 2006","Computer History Museum, since May 2018",https://404memoryfound.com/posts/what-happened-to-eudora-email-client.html
EverQuest,"March 16, 1999, by Verant Interactive for Sony Online Entertainment","Live in 2026. Newest server, Lethar, opened August 26, 2026","Darkpaw Games, part of Daybreak Game Company, owned by Enad Global 7",https://404memoryfound.com/posts/everquest-still-active-2026.html
Excite@Home,"@Home Network, 1995, by Milo Medin, William Randolph Hearst III and three cable operators","Gone. Chapter 11 on September 28, 2001; network switched off December 1, 2001","excite.com is an IAC property, operated by Ask Media Group; search by System1",https://404memoryfound.com/posts/what-happened-to-excite-at-home-broadband.html
FAO Schwarz,"1862, as a toy bazaar in Baltimore; New York store from 1870","Open and expanding, with FAO Schwarz toys sold on Nordstrom.com since June 2026","ThreeSixty Group of Irvine, California, which bought the brand on October 4, 2016",https://404memoryfound.com/posts/fao-schwarz-store-rockefeller-center.html
Flickr,"February 10, 2004, by Ludicorp in Vancouver",Still online and taking uploads in 2026,"SmugMug, since April 2018",https://404memoryfound.com/posts/what-happened-to-flickr-yahoo-photo-sharing.html
Floppy disk,,No new production anywhere; every disk sold is pre-2011 stock,,https://404memoryfound.com/posts/floppy-disks-still-made-today.html
Flying Toasters,,Still built into Windows 11 and macOS; the boxed screensaver business is gone,"After Dark went to the Sierra On-Line division of CUC International in 1997, with no version sold since",https://404memoryfound.com/posts/what-happened-to-screensavers-flying-toasters.html
Foot Locker,"1879, Lancaster, Pennsylvania, by Frank Winfield Woolworth","No US Woolworth stores since 1997; about 1,000 Woolworth stores trading in Europe under a separate German company","Dick's Sporting Goods, which completed its Foot Locker purchase on September 8, 2025",https://404memoryfound.com/posts/is-woolworth-still-in-business.html
Friendster,"Founded 2002 by Jonathan Abrams, public beta March 2003","Relaunched April 29, 2026 as an iOS-only app","Friendster Labs Inc., run by programmer Mike Carson",https://404memoryfound.com/posts/what-happened-to-friendster-social-network.html
Fry's Electronics,"May 17, 1985, Sunnyvale, California","Closed since February 24, 2021",,https://404memoryfound.com/posts/what-happened-to-frys-electronics.html
G4 TV,"April 24, 2002, as a Comcast cable venture",Off the air; the G4 brand is owned by Comcast Spectacor,,https://404memoryfound.com/posts/g4-tv-failed-twice.html
Game Boy,"July 31, 1989 in the United States, $89.95, Nintendo",Sold used only; about $70 for a tested working original in 2026,,https://404memoryfound.com/posts/buy-working-game-boy-2026.html
Game Genie,"1990, designed by Codemasters, sold in the US by Galoob",Discontinued; Galoob owned by Hasbro since 1998; loose units about $22,,https://404memoryfound.com/posts/what-happened-to-game-genie-galoob-cheat-device.html
Game Informer,"1991, as a FuncoLand store handout","Publishing, 10 print issues a year; issue 381 is the 35th anniversary","Gunzilla Games, since March 25, 2025",https://404memoryfound.com/posts/who-owns-game-informer-now.html
GameStop,"1984 in Dallas, Texas, as Babbage's",Still in business; video game software is under 12 percent of sales,,https://404memoryfound.com/posts/is-gamestop-still-in-business.html
Gateway Computers,"September 5, 1985, on a cattle ranch near Sioux City, Iowa",A brand only: Walmart-exclusive laptops and tablets since September 2020,"Acer Inc., which bought Gateway in 2007 for $710 million",https://404memoryfound.com/posts/what-happened-to-gateway-2000-cow-box-computer.html
GeoCities,"1994 as Beverly Hills Internet, founded by David Bohnett and John Rezner",Closed. No GeoCities page has been served from geocities.com since 2009,"Yahoo Inc., owned by funds managed by affiliates of Apollo Global Management since September 2021",https://404memoryfound.com/posts/history-of-geocities-websites.html
GoldenEye 007,"1997, developed by Rare, published by Nintendo for the Nintendo 64","Playable on Nintendo Switch Online + Expansion Pack and Xbox Game Pass since January 27, 2023",Microsoft owns Rare and the game code; Nintendo published the original; MGM and Eon Productions own James Bond,https://404memoryfound.com/posts/what-happened-to-goldeneye-007-n64.html
Google Glass,"Explorer Edition, February 2013, $1,500","Discontinued. Sales ended March 15, 2023",,https://404memoryfound.com/posts/why-google-glass-actually-failed.html
Google Reader,"October 7, 2005, through Google Labs",Gone. No revival announced as of September 2026,,https://404memoryfound.com/posts/what-happened-to-google-reader-rss.html
Google+,"June 28, 2011, invitation only","Shut down. The consumer version closed on April 2, 2019","Google, which retired the last version, Google Currents, on July 5, 2023",https://404memoryfound.com/posts/why-google-plus-actually-failed.html
Habbo Hotel,"August 2000 in Finland as Hotelli Kultakala; UK hotel January 2001, US hotel September 2004","Active in 2026: 300 million registered accounts, hundreds of thousands of monthly active users, plus Habbo Hotel: Origins","Azerion, which took 51 percent in 2018 and the remaining 49 percent in January 2021",https://404memoryfound.com/posts/is-habbo-hotel-still-around.html
HD DVD,"April 18, 2006, Toshiba HD-A1 at $499","Discontinued since February 19, 2008; existing discs and players still work","Toshiba is private, bought out by a Japan Industrial Partners consortium in 2023",https://404memoryfound.com/posts/what-happened-to-hd-dvd-format-war.html
Heelys,"2000, by Roger Adams through Heeling Sports Limited of Carrollton, Texas","Still made and sold new in 2026, roughly $60 to $75 a pair","BBC International, which bought the brand for $11 million on April 26, 2021",https://404memoryfound.com/posts/heelys-still-sold-2026.html
Hollywood Video,"October 1988, Hollywood Entertainment Corporation",Gone. The last US stores were liquidated in 2010,,https://404memoryfound.com/posts/is-hollywood-video-still-around.html
Homestar Runner,"January 1, 2000, by Mike Chapman and Matt Chapman","Still updating in 2026, on no fixed schedule","The Brothers Chaps, independent and ad-free",https://404memoryfound.com/posts/homestar-runner-still-updating.html
Hotmail,"July 4, 1996, by Sabeer Bhatia and Jack Smith",Brand retired May 2013; @hotmail.com addresses still work on Outlook.com,"Microsoft, since December 31, 1997",https://404memoryfound.com/posts/why-everyone-had-hotmail-account.html
HotWired,"October 27, 1994, on HotWired",US display advertising worth $81.6 billion in 2025 (IAB and PwC),,https://404memoryfound.com/posts/first-banner-ad-hotwired-1994-history.html
HyperCard,"August 11, 1987, Apple Computer, written by Bill Atkinson","Discontinued March 2004, stacks emulated free at the Internet Archive",,https://404memoryfound.com/posts/what-happened-to-hypercard-apple.html
ICQ,"November 1996, by Mirabilis in Tel Aviv","Shut down on June 26, 2024, after 28 years","VK Company Limited, formerly Mail.ru Group",https://404memoryfound.com/posts/what-happened-to-icq-instant-messenger.html
iMac G3,"Announced May 6, 1998; on sale August 15, 1998",Discontinued March 2003; the iMac line continues,,https://404memoryfound.com/posts/how-imac-g3-saved-apple-killed-beige-box.html
Iomega,"March 1995, $199 drive and $19.95 100MB disks",Brand retired; the LenovoEMC line ended in 2018,"Dell Technologies, through EMC's 2008 purchase",https://404memoryfound.com/posts/what-happened-to-iomega-zip-drives.html
iPod,,"Discontinued. Apple ended the iPod line on May 10, 2022",,https://404memoryfound.com/posts/ipod-wasnt-first-mp3-player-heres-why-it-won.html
IRC,"August 1988, by Jarkko Oikarinen at the University of Oulu, Finland","Active. The top 100 IRC networks carried more than 162,000 users at a time in April 2026","Nobody. IRC is an open protocol, and each network is run separately",https://404memoryfound.com/posts/what-happened-to-irc-chat.html
Iridium,"Commercial service 1 November 1998, Iridium LLC, backed by Motorola","Iridium Communications (Nasdaq: IRDM), 2,537,000 billable subscribers at the end of 2025",,https://404memoryfound.com/posts/iridium-satellite-phone-failure.html
Kazaa,"March 2001, by the Dutch company Consumer Empowerment",Shut down; the licensed service stopped in August 2012,None active. Atrinsic held the license and filed for Chapter 11 in June 2012,https://404memoryfound.com/posts/what-happened-to-kazaa-p2p-wars.html
KB Toys,"1922 in Pittsfield, Massachusetts, as Kaufman Brothers","Brand only: online collectibles and convention pop-ups, no stores","Strategic Marks, LLC; licensing run by Firefly Brand Management since 2024",https://404memoryfound.com/posts/kb-toys-stores-left.html
Kinko's,"1970 in Isla Vista, California, by Paul Orfalea","No US Kinko's; FedEx Office runs roughly 2,000 US stores. Owner today: FedEx, while Konica Minolta owns Kinko's Japan",,https://404memoryfound.com/posts/is-kinkos-still-around.html
Kmart,,"Open, plus Kmart.com shipping to the 50 states and APO/FPO addresses","Transform SR Brands LLC (Transformco), tied to Edward Lampert",https://404memoryfound.com/posts/is-kmart-still-open-stores-left.html
Kodak,,In business and profitable; Q2 2026 net income of 17 million dollars,"Independent, publicly traded as NYSE: KODK; no parent company",https://404memoryfound.com/posts/what-happened-to-kodak-digital-camera-bankruptcy.html
Kozmo,March 1998 in New York by Joseph Park and Yong Kang,"Defunct since April 11, 2001; the domain is dark","Yummy Foods, LLC (Yummy.com), Los Angeles, since January 2013",https://404memoryfound.com/posts/what-happened-to-kozmo-com-delivery.html
LAN parties,,"Still running: QuakeCon held its BYOC hall August 6 to 9, 2026",,https://404memoryfound.com/posts/golden-age-of-lan-parties.html
LaserDisc,"1978 in the United States, as MCA DiscoVision, with Jaws as the first title","Dead format. Common discs under $5, scarce pressings $160 to $5,700",,https://404memoryfound.com/posts/laserdisc-value-collector-market.html
LimeWire,"August 2000, Lime Group LLC, on the Gnutella network",Brand active as an AI and storage platform; file sharing dead since 2010,"BabyDoge, since September 14, 2026",https://404memoryfound.com/posts/what-happened-to-limewire-file-sharing.html
LiveJournal,"April 15, 1999, by Brad Fitzpatrick","Online, mostly Russian-language","Rambler Group, fully owned by Sber since October 2020",https://404memoryfound.com/posts/what-happened-to-livejournal-blogging-platform.html
Lotus 1-2-3,"January 26, 1983, Lotus Development Corporation","Discontinued. Withdrawn from marketing June 11, 2013, support ended September 30, 2014","IBM, which bought Lotus Development Corporation in 1995 for about $3.5 billion",https://404memoryfound.com/posts/what-happened-to-lotus-1-2-3-spreadsheet.html
Lycos,"July 1994, Carnegie Mellon University, by Michael Mauldin","Portal still online; Angelfire and Tripod closed April 24, 2026","Lycos Inc., a Brightcom Group subsidiary; a 56 percent stake in receivership since 2018",https://404memoryfound.com/posts/what-happened-to-lycos-search-engine.html
MapQuest,"February 5, 1996, at mapquest.com","Still live at mapquest.com, with apps for iPhone and Android","System1, which bought it from Verizon in October 2019",https://404memoryfound.com/posts/how-mapquest-lost-to-google-maps.html
Microsoft Bob,"March 10, 1995, by Microsoft, at $99",Discontinued and unsupported; free disk images on the Internet Archive,Microsoft still owns Bob; the bob.com domain went to collector Bob Kerstein in 1999,https://404memoryfound.com/posts/what-happened-to-microsoft-bob-friendly-interface.html
Microsoft Zune,"November 14, 2006, $249.99 for 30 GB","Discontinued; hardware ended in 2011, services ended November 15, 2015","Microsoft, which folded the brand into Xbox Music in 2012",https://404memoryfound.com/posts/why-microsoft-zune-actually-failed.html
MiniDisc,,"Discontinued. Last players sold March 2013, blank discs ended February 2025",Sony still owns the format and the trademark but sells nothing for it,https://404memoryfound.com/posts/what-happened-to-minidisc-sony.html
Montgomery Ward,"August 1872, Chicago, by Aaron Montgomery Ward with $1,600 in capital and a one-sheet catalog",No stores anywhere. Montgomery Ward sells online at wards.com on installment credit,"Colony Brands Inc., a family-owned direct-mail company, since 2008",https://404memoryfound.com/posts/montgomery-ward-failed-who-owns-it.html
MSN Messenger,"July 22, 1999, as MSN Messenger Service","Dead at Microsoft, playable for free on the fan server Escargot",Microsoft still owns the MSN name; Escargot is independent of it,https://404memoryfound.com/posts/what-happened-to-msn-messenger.html
MTV,"August 1, 1981, with the Buggles' Video Killed the Radio Star","On air in the US and UK; five music-only channels closed December 31, 2025","Paramount Skydance Corporation, since August 7, 2025",https://404memoryfound.com/posts/when-mtv-actually-played-music-rise-fall.html
MySpace,,"Online at myspace.com, reported read-only since 2024","Viant Technology Inc. (Nasdaq: DSP), Irvine, California",https://404memoryfound.com/posts/is-myspace-still-around-today.html
Napster,,"Music streaming shut down January 1, 2026; the brand now sells AI software","Napster Corporation, formerly Infinite Reality, since March 2025",https://404memoryfound.com/posts/who-owns-napster-now.html
NCSA Mosaic,"January 23, 1993, by NCSA at the University of Illinois","Discontinued. Final release Mosaic 3.0, January 7, 1997",University of Illinois holds the name and copyright,https://404memoryfound.com/posts/what-happened-to-ncsa-mosaic-browser.html
Neopets,"November 15, 1999, by Adam Powell and Donna Williams",Online and free to play at neopets.com,"World of Neopia, Inc., independent since July 2023",https://404memoryfound.com/posts/what-happened-to-neopets-virtual-world.html
NES,"Famicom in Japan July 15, 1983; NES tested in New York October 18, 1985",Hardware retired; 87 NES games on Nintendo Switch Online in September 2026,,https://404memoryfound.com/posts/how-nintendo-nes-saved-video-games-1983-crash.html
Netflix,"April 14, 1998, as the first online DVD rental store","Closed. Final discs mailed September 29, 2023, and never revived",,https://404memoryfound.com/posts/netflix-dvd-mail-service-shutdown.html
Netscape Navigator,"Netscape Navigator, December 1994, Netscape Communications","Discontinued; AOL ended Netscape browser support March 1, 2008",The NETSCAPE trademark (US Reg. 2027552) is held by Yahoo Inc.,https://404memoryfound.com/posts/how-netscape-lost-the-browser-war.html
Newgrounds Is,"July 6, 1995, by Tom Fulp, from a 1991 paper fanzine","Online and independent in 2026, 31 years after launch","Newgrounds, Inc., never sold, no outside investors",https://404memoryfound.com/posts/what-happened-to-newgrounds.html
Nintendo GameCube,"September 14, 2001 in Japan, November 18, 2001 in North America at $199.99",Out of production since 2007; the library runs on Nintendo Switch 2,"Nintendo, which launched GameCube Nintendo Classics on June 5, 2025",https://404memoryfound.com/posts/why-nintendo-gamecube-lost-console-war.html
Nintendo Wii,"November 19, 2006 in North America at $249.99","Discontinued October 21, 2013; consoles still play discs offline",,https://404memoryfound.com/posts/what-happened-to-nintendo-wii.html
Nokia,,No new Nokia-branded smartphones since early 2025; no HMD or Nokia phones sold in the US since July 2025,"Nokia Corporation, Espoo, Finland, a network equipment maker with EUR 19,889 million in 2025 net sales",https://404memoryfound.com/posts/does-nokia-still-make-phones.html
Nokia 3310,"Announced September 1, 2000, on sale in the fourth quarter","Second-hand only, and it cannot place calls on a US network",Nokia Corporation owns the brand; HMD Global's device licence ended in March 2026,https://404memoryfound.com/posts/what-happened-to-nokia-3310.html
Nokia N-Gage,"October 7, 2003, $299.99 in the United States","Discontinued; hardware ended November 2005, service closed September 2010","Nokia Corporation, which still holds the N-Gage trademark",https://404memoryfound.com/posts/what-happened-to-nokia-ngage-gaming-phone.html
NSA Banned Furby,"October 1998, Tiger Electronics (owned by Hasbro since early 1998)","Relaunched by Hasbro in 2012, 2016 and 2023; 1998 originals trade on eBay",,https://404memoryfound.com/posts/furby-history-nsa-ban.html
Oregon Trail,,"Still sold new in 2026, on Steam, Switch, Xbox and Apple Arcade","HarperCollins, through HarperCollins Productions; Gameloft holds the game license",https://404memoryfound.com/posts/what-happened-to-oregon-trail-game.html
Original Xbox,"November 15, 2001 in the US, at $299","Discontinued; its Xbox Live service was switched off on April 15, 2010","Microsoft, which still runs the Xbox brand",https://404memoryfound.com/posts/what-happened-to-original-xbox-microsoft-gaming.html
Packard Bell,"1986, Packard Bell Electronics, Inc., on a brand name dating to a 1933 Los Angeles radio maker","Relaunched September 2026 in Europe, the Middle East and Africa; the DotBook laptop starts at 499 euros","Acer Inc., which took over Packard Bell in 2008 after buying Gateway",https://404memoryfound.com/posts/packard-bell-computer-brand-today.html
Palm,"1992, by Jeff Hawkins with Donna Dubinsky and Ed Colligan","Dormant brand, no new Palm phone since the 3.3-inch model of November 2018","TCL, which bought the Palm trademark from HP in October 2014",https://404memoryfound.com/posts/is-palm-still-a-company.html
Palm Pilot,"March 1996, Pilot 1000, $299, Palm Computing under U.S. Robotics","Discontinued. Trademark owned by TCL, webOS owned by LG",,https://404memoryfound.com/posts/what-happened-to-palm-pilot-pda.html
Payphones,,"Still operating, but uncounted since the FCC dropped payphone audits in 2018",,https://404memoryfound.com/posts/payphones-left-united-states.html
Pets.com,"Domain registered November 21, 1994; store opened November 1998; incorporated February 1999",Gone. Renamed IPET Holdings and delisted from Nasdaq in January 2001,"PetSmart, which bought the domain and trademarks in December 2000",https://404memoryfound.com/posts/why-pets-com-failed-dot-com-bubble.html
Photobucket,"2003, by Alex Welch and Darren Crystal","Alive, subscription only. No free accounts since June 2023","Photobucket Inc., privately held, Denver, Colorado",https://404memoryfound.com/posts/is-photobucket-still-around.html
PizzaNet,,PizzaNet is gone; Pizza Hut takes orders through its own site and app,"LongRange Capital, which completed its purchase from Yum! Brands on September 1, 2026",https://404memoryfound.com/posts/first-online-purchase-pizza.html
Polaroid,"1937 in Cambridge, Massachusetts, by Edwin Land",Still trading; cameras and film sold worldwide,"The Smolokowski family, through Polaroid B.V. in the Netherlands",https://404memoryfound.com/posts/what-happened-to-polaroid-camera.html
Power Glove,"October 1989, Mattel in the US and PAX in Japan","Collector item and maker platform, about $100 loose and $216 boxed on PriceCharting in 2026",,https://404memoryfound.com/posts/what-happened-to-nintendo-power-glove.html
Prodigy,"September 6, 1990 nationwide, as an IBM and Sears joint venture","Closed. Prodigy Classic shut down October 1, 1999; the company was taken private in 2001",AT&amp;T holds prodigy.net; Telmex holds prodigy.net.mx,https://404memoryfound.com/posts/what-happened-to-prodigy-online-service.html
PS2,"March 4, 2000 in Japan; October 26, 2000 in North America at $299",Discontinued in January 2013; still the best-selling console ever,,https://404memoryfound.com/posts/playstation-2-best-selling-console-ever.html
PSP,"December 12, 2004 in Japan; March 24, 2005 in the US","Discontinued, no Sony support; PSP downloads run through the PS3 and PS Vita stores until July 2027",,https://404memoryfound.com/posts/what-happened-to-sony-psp-handheld.html
Quake,"Shareware episode, June 22, 1996, id Software","Still sold and still played. A free 19-map episode, Dawn of the Machine, shipped August 6, 2026 for the 30th anniversary","id Software, part of ZeniMax Media, a Microsoft subsidiary since March 9, 2021",https://404memoryfound.com/posts/what-happened-to-quake-online-fps.html
RadioShack,"1921, in the United States",Website plus 170 plus US dealers; no company-owned US stores,"Unicomer Group, El Salvador, since May 2023",https://404memoryfound.com/posts/what-happened-to-radioshack-electronics.html
RealPlayer,"April 1995, as RealAudio 1.0 from Progressive Networks",Still published; RealPlayer 25 for Windows shipped in 2026,"RealNetworks LLC, private and controlled by Rob Glaser since December 2022",https://404memoryfound.com/posts/what-happened-to-realplayer-streaming.html
Redbox,2002 inside McDonald's Ventures; DVD kiosks from 2004,"Shut down. Parent liquidated in Chapter 7 on July 10, 2024","No operator. Trademarks auctioned by the bankruptcy trustee on April 23, 2025",https://404memoryfound.com/posts/is-redbox-still-around-kiosks.html
RollerCoaster Tycoon,"March 22, 1999 in North America, Hasbro Interactive under the MicroProse label","Active. RollerCoaster Tycoon Wonderworks in Steam early access, winter 2026",Chris Sawyer holds the trademark; Atari publishes under licence,https://404memoryfound.com/posts/what-happened-to-rollercoaster-tycoon.html
RuneScape,,"Both games live, with Old School roughly eight times larger than RuneScape 3","CVC Capital Partners and Haveli Investments, since February 2024",https://404memoryfound.com/posts/is-runescape-still-popular-2026.html
Sears,,Open. Not in bankruptcy since the February 2019 sale,"Transform Holdco LLC, trading as Transformco, controlled by Eddie Lampert's ESL Investments",https://404memoryfound.com/posts/who-owns-sears-now-stores-left.html
Second Life,"June 23, 2003, by Linden Lab","Still running in 2026; daily concurrency in the mid-30,000s","Linden Research, Inc., bought by an investor group led by Randy Waterfield and Brad Oberwager",https://404memoryfound.com/posts/what-happened-to-second-life-virtual-world.html
Sega,,"Still publishing games, no home console since the Dreamcast","Sega Sammy Holdings, formed October 2004",https://404memoryfound.com/posts/is-sega-still-making-games.html
Sega 32X,"November 21, 1994 in North America, $159.99","Discontinued in 1996, last units cleared at $19.95",,https://404memoryfound.com/posts/what-happened-to-sega-32x-add-on.html
Sega CD,"October 15, 1992 in North America, $299","Discontinued in 1996, never revived","Sega, the entertainment division of Sega Sammy Holdings",https://404memoryfound.com/posts/what-happened-to-sega-cd-add-on.html
Sega Channel,"December 12, 1994, by Sega of America with TCI and Time Warner","Dead since 1998, but 144 recovered ROMs were published free by Gaming Alexandria on December 15, 2025",,https://404memoryfound.com/posts/what-happened-to-sega-channel.html
Sega Game Gear,"October 6, 1990 in Japan; April 1991 in the US at $149.99","Discontinued April 30, 1997; no Sega handheld since","Sega, inside Sega Sammy Holdings since the 2004 merger",https://404memoryfound.com/posts/what-happened-to-sega-game-gear-handheld.html
Sega Genesis,"August 14, 1989 in North America, by Sega, with Altered Beast packed in",No new Sega Genesis hardware from Sega since the Genesis Mini 2 in 2022; everything official is a used purchase,,https://404memoryfound.com/posts/sega-genesis-games-how-to-play-2026.html
Sega Nomad,"October 1995, Sega of America, North America only",Discontinued since 1999; working units sell in the hundreds of dollars,,https://404memoryfound.com/posts/sega-nomad-handheld-genesis.html
Sega Saturn,"November 22, 1994 in Japan; May 11, 1995 in North America","Discontinued; dropped in the US in 1998, sold in Japan until 2000",,https://404memoryfound.com/posts/what-happened-to-sega-saturn-console.html
Segway,,"Brand active; Personal Transporter production ended July 15, 2020","Segway-Ninebot of Beijing, listed in Shanghai as 689009",https://404memoryfound.com/posts/what-happened-to-segway-personal-transporter.html
Sharper Image,,"A licensed brand selling through sharperimage.com, a catalog and other retailers","ThreeSixty Group, which paid $100 million in December 2016",https://404memoryfound.com/posts/who-owns-sharper-image-now.html
SimCity,"1989, by Maxis, founded by Will Wright and Jeff Braun in 1987","Franchise dormant on PC, alive on mobile through SimCity BuildIt","Electronic Arts, taken private in August 2026 by a consortium led by Saudi Arabia's Public Investment Fund",https://404memoryfound.com/posts/what-happened-to-simcity-ea.html
Sims 1,"February 4, 2000, by Maxis and Electronic Arts","Sold as The Sims: Legacy Collection since January 31, 2025","Electronic Arts, private since August 4, 2026 under a PIF-led consortium",https://404memoryfound.com/posts/original-sims-best-selling-pc-game.html
SkyMall,"1990, on Eastern Airlines, from Phoenix, Arizona",Online store at skymall.com; no standalone seat-pocket catalog,"C&A Marketing, since April 2015",https://404memoryfound.com/posts/skymall-still-around-who-owns-it.html
Sony Discman,"November 1984, Sony D-50, 49,800 yen (about $350)",Discontinued; Sony ended portable CD players around 2010,Sony Group Corporation still holds the Discman trademark,https://404memoryfound.com/posts/what-happened-to-sony-discman-portable-cd-player.html
Sound Blaster,"1981 in Singapore, by Sim Wong Hoo and Ng Kai Wa",Still trading; listed on the Singapore Exchange as C76,Independent public company; CEO Sim Li Ern since January 2026,https://404memoryfound.com/posts/what-happened-to-creative-labs-sound-blaster.html
Standalone GPS Devices,"TomTom Go, March 2004, the first all-in-one car navigator",Still sold. Garmin Drive 53 at $149.99; TomTom exited US device sales,Magellan brand held by MiTAC International since 2008,https://404memoryfound.com/posts/what-happened-to-standalone-gps-tomtom-garmin-magellan.html
StarCraft,"March 31, 1998, by Blizzard Entertainment",Still played; ASL Season 21 ran March to May 2026,"Microsoft, since the Activision Blizzard deal closed October 13, 2023",https://404memoryfound.com/posts/what-happened-to-starcraft-birth-of-esports.html
Tamagotchi,"November 23, 1996, by Bandai in Japan","Still in production, with a 30th anniversary line in 2026","Bandai, part of Bandai Namco Holdings since 2005",https://404memoryfound.com/posts/tamagotchi-digital-pet-that-made-us-feel.html
theGlobe.com,"May 1, 1995, by Cornell students Stephan Paternot and Todd Krizelman","Shell company, ticker TGLO, no employees, $15,115 in cash (June 2026)",,https://404memoryfound.com/posts/what-happened-to-theglobe-com-dot-com-ipo.html
TiVo,"March 31, 1999, built by Philips Electronics: $499 for 14 hours, $999 for 30 hours","DVR hardware discontinued October 1, 2025; TiVo OS ships on smart TVs","Xperi Inc., through TiVo Platform Technologies LLC",https://404memoryfound.com/posts/what-happened-to-tivo-dvr-pioneer.html
Toonami,"March 17, 1997, on Cartoon Network","On the air, Saturdays 12:00 a.m. to 4:00 a.m. ET on Adult Swim","Warner Bros. Discovery, pending sale to Paramount Skydance",https://404memoryfound.com/posts/is-toonami-still-on-tv.html
Tower Records,"1960 in Sacramento, California, by Russ Solomon","No US stores. Online only since November 13, 2020",US brand run by chief executive Danny Zeijdel. Tower Records Japan is a separate company,https://404memoryfound.com/posts/tower-records-still-around.html
Toys R Us,,Brand active; the original US retailer is gone,"WHP Global, controlling stake since March 15, 2021",https://404memoryfound.com/posts/is-toys-r-us-still-in-business.html
Tumblr,"2007, by David Karp","Online and free, about half a billion blogs, still unprofitable","Automattic, the company behind WordPress.com",https://404memoryfound.com/posts/what-happened-to-tumblr-yahoo-billion-dollar-mistake.html
TurboGrafx-16 Won Japan,"October 30, 1987 in Japan as the PC Engine; August 1989 in the United States",Discontinued in North America in May 1994. Konami's 99.99 dollar TurboGrafx-16 Mini from 2020 is the only official hardware; original consoles sell for about 207 dollars loose,"Konami, which merged Hudson Soft into its games arm in March 2012",https://404memoryfound.com/posts/what-happened-to-turbografx-16-nec-forgotten-console.html
Virtual Boy,"July 21, 1995 in Japan; August 14, 1995 in North America at $179.95","Discontinued in 1996; back on Nintendo Switch since February 17, 2026",,https://404memoryfound.com/posts/what-happened-to-virtual-boy-nintendo.html
WebTV,"September 18, 1996, by WebTV Networks","Service shut down September 30, 2013; boxes run only on fan-built servers","Microsoft, which bought WebTV Networks for about $425 million in 1997",https://404memoryfound.com/posts/what-happened-to-webtv-internet-television.html
Webvan,"June 1999, San Francisco Bay Area","Closed. Shut down July 9, 2001 and liquidated in Chapter 11",Amazon holds the Webvan name and the webvan.com address,https://404memoryfound.com/posts/what-happened-to-webvan-grocery-delivery.html
Winamp,"1997, by Justin Frankel and Dmitry Boldyrev at Nullsoft",Active. Winamp 5.9.2 (April 2023) is still a free download,"Winamp Group, Belgium, bought from AOL in January 2014",https://404memoryfound.com/posts/what-happened-to-winamp-mp3-player.html
Windows 95 Launch,"August 24, 1995, by Microsoft","Unsupported since December 31, 2001; runs only in emulators","Microsoft, which still owns the code",https://404memoryfound.com/posts/the-night-windows-95-launched.html
Windows Movie Maker,"September 14, 2000, with Windows Me","Discontinued January 10, 2017; replaced by Clipchamp, free on Windows 11",Microsoft,https://404memoryfound.com/posts/windows-movie-maker-still-available.html
WordPerfect,"1979, by Alan Ashton and Bruce Bastian in Orem, Utah",Still sold; WordPerfect Office 2021 remains the latest version,"Corel Corporation, backed by Vector Capital since May 2026",https://404memoryfound.com/posts/what-happened-to-wordperfect-word-processor.html
Xanga,"1999, by Marc Ginsburg, John Hiler and Dan Huddle in New York","Online as Xanga 2.0, closed to new members since 2013",,https://404memoryfound.com/posts/what-happened-to-xanga-blogging-platform.html
Y2K,,"Fixed, though windowing patches and the 2038 Unix rollover are still out there",,https://404memoryfound.com/posts/y2k-bug-what-actually-happened.html
Yahoo,,"Private and still operating in 2026: Yahoo Finance, Yahoo Mail, Yahoo Sports, Yahoo News and Yahoo Search",Funds managed by affiliates of Apollo Global Management; Verizon kept a 10 percent stake,https://404memoryfound.com/posts/who-owns-yahoo-now.html
Yahoo Answers,"December 8, 2005, as a public beta by Yahoo",Closed. answers.yahoo.com redirects to Yahoo's home page,"Apollo Global Management, which closed its $5 billion purchase of Yahoo on September 1, 2021",https://404memoryfound.com/posts/does-yahoo-answers-still-exist.html
Yahoo Messenger,"March 9, 1998, by Yahoo, as Yahoo Pager",Discontinued; owner today is Apollo Global Management,,https://404memoryfound.com/posts/does-yahoo-messenger-still-exist.html
You've Got Mail,,Still AOL Mail's alert; no replacement voice announced,,https://404memoryfound.com/posts/aol-youve-got-mail-voice-elwood-edwards.html
